 title,abstract,introduction,num_citations,num_figures,num_equations,total_words,avg_sentence_length,novelty_score,clarity_score
A study on the implications of robotics in modern research,A study on the implications of quantum computing in modern research A study on the implications of AI ethics in modern research A study on the implications of climate change in modern research A study on the implications of quantum computing in modern research A study on the implications of genomics in modern research,A study on the implications of quantum computing in modern research A study on the implications of genomics in modern research A study on the implications of climate change in modern research A study on the implications of AI ethics in modern research A study on the implications of genomics in modern research,20,10,7,4445,15.3,0.77,0.95
A study on the implications of AI ethics in modern research,A study on the implications of genomics in modern research A study on the implications of machine learning in modern research A study on the implications of climate change in modern research A study on the implications of robotics in modern research A study on the implications of machine learning in modern research,A study on the implications of robotics in modern research A study on the implications of genomics in modern research A study on the implications of blockchain in modern research A study on the implications of quantum computing in modern research A study on the implications of blockchain in modern research,19,7,12,3861,23.7,0.85,0.68
A study on the implications of quantum computing in modern research,A study on the implications of blockchain in modern research A study on the implications of quantum computing in modern research A study on the implications of robotics in modern research A study on the implications of quantum computing in modern research A study on the implications of genomics in modern research,A study on the implications of machine learning in modern research A study on the implications of robotics in modern research A study on the implications of AI ethics in modern research A study on the implications of blockchain in modern research A study on the implications of climate change in modern research,29,8,10,3511,22.8,0.96,0.67
A study on the implications of AI ethics in modern research,A study on the implications of blockchain in modern research A study on the implications of robotics in modern research A study on the implications of climate change in modern research A study on the implications of blockchain in modern research A study on the implications of quantum computing in modern research,A study on the implications of quantum computing in modern research A study on the implications of genomics in modern research A study on the implications of AI ethics in modern research A study on the implications of machine learning in modern research A study on the implications of machine learning in modern research,59,7,0,3992,22.1,0.75,0.59
A study on the implications of robotics in modern research,A study on the implications of robotics in modern research A study on the implications of genomics in modern research A study on the implications of climate change in modern research A study on the implications of genomics in modern research A study on the implications of machine learning in modern research,A study on the implications of machine learning in modern research A study on the implications of quantum computing in modern research A study on the implications of AI ethics in modern research A study on the implications of blockchain in modern research A study on the implications of machine learning in modern research,16,1,8,5600,24.9,0.53,0.72
A study on the implications of robotics in modern research,A study on the implications of machine learning in modern research A study on the implications of quantum computing in modern research A study on the implications of AI ethics in modern research A study on the implications of blockchain in modern research A study on the implications of blockchain in modern research,A study on the implications of genomics in modern research A study on the implications of blockchain in modern research A study on the implications of climate change in modern research A study on the implications of machine learning in modern research A study on the implications of robotics in modern research,36,5,9,4883,15.6,0.89,0.84
A study on the implications of genomics in modern research,A study on the implications of climate change in modern research A study on the implications of genomics in modern research A study on the implications of robotics in modern research A study on the implications of machine learning in modern research A study on the implications of climate change in modern research,A study on the implications of quantum computing in modern research A study on the implications of climate change in modern research A study on the implications of quantum computing in modern research A study on the implications of quantum computing in modern research A study on the implications of blockchain in modern research,39,8,7,3963,16.5,0.57,0.5
A study on the implications of climate change in modern research,A study on the implications of climate change in modern research A study on the implications of AI ethics in modern research A study on the implications of genomics in modern research A study on the implications of genomics in modern research A study on the implications of AI ethics in modern research,A study on the implications of genomics in modern research A study on the implications of robotics in modern research A study on the implications of climate change in modern research A study on the implications of machine learning in modern research A study on the implications of climate change in modern research,22,5,14,4228,19.0,0.97,0.61
A study on the implications of climate change in modern research,A study on the implications of robotics in modern research A study on the implications of robotics in modern research A study on the implications of machine learning in modern research A study on the implications of blockchain in modern research A study on the implications of climate change in modern research,A study on the implications of quantum computing in modern research A study on the implications of blockchain in modern research A study on the implications of machine learning in modern research A study on the implications of climate change in modern research A study on the implications of robotics in modern research,42,9,2,4468,15.0,0.58,0.61
A study on the implications of climate change in modern research,A study on the implications of genomics in modern research A study on the implications of climate change in modern research A study on the implications of AI ethics in modern research A study on the implications of climate change in modern research A study on the implications of machine learning in modern research,A study on the implications of AI ethics in modern research A study on the implications of AI ethics in modern research A study on the implications of machine learning in modern research A study on the implications of robotics in modern research A study on the implications of machine learning in modern research,15,4,1,2936,22.5,0.89,0.62
A study on the implications of quantum computing in modern research,A study on the implications of genomics in modern research A study on the implications of genomics in modern research A study on the implications of climate change in modern research A study on the implications of quantum computing in modern research A study on the implications of machine learning in modern research,A study on the implications of AI ethics in modern research A study on the implications of genomics in modern research A study on the implications of blockchain in modern research A study on the implications of machine learning in modern research A study on the implications of robotics in modern research,44,6,7,4295,12.2,0.75,0.52
A study on the implications of quantum computing in modern research,A study on the implications of blockchain in modern research A study on the implications of genomics in modern research A study on the implications of climate change in modern research A study on the implications of AI ethics in modern research A study on the implications of AI ethics in modern research,A study on the implications of quantum computing in modern research A study on the implications of quantum computing in modern research A study on the implications of blockchain in modern research A study on the implications of blockchain in modern research A study on the implications of climate change in modern research,46,10,14,4128,16.3,0.63,0.78
A study on the implications of AI ethics in modern research,A study on the implications of genomics in modern research A study on the implications of genomics in modern research A study on the implications of blockchain in modern research A study on the implications of genomics in modern research A study on the implications of genomics in modern research,A study on the implications of machine learning in modern research A study on the implications of genomics in modern research A study on the implications of robotics in modern research A study on the implications of robotics in modern research A study on the implications of climate change in modern research,21,3,12,2921,14.5,0.58,0.98
A study on the implications of robotics in modern research,A study on the implications of quantum computing in modern research A study on the implications of AI ethics in modern research A study on the implications of blockchain in modern research A study on the implications of AI ethics in modern research A study on the implications of AI ethics in modern research,A study on the implications of climate change in modern research A study on the implications of blockchain in modern research A study on the implications of robotics in modern research A study on the implications of quantum computing in modern research A study on the implications of robotics in modern research,16,5,9,5791,15.8,0.83,0.57
A study on the implications of machine learning in modern research,A study on the implications of machine learning in modern research A study on the implications of robotics in modern research A study on the implications of genomics in modern research A study on the implications of climate change in modern research A study on the implications of machine learning in modern research,A study on the implications of quantum computing in modern research A study on the implications of quantum computing in modern research A study on the implications of climate change in modern research A study on the implications of AI ethics in modern research A study on the implications of climate change in modern research,34,2,2,4914,17.2,0.99,0.52
A study on the implications of machine learning in modern research,A study on the implications of machine learning in modern research A study on the implications of blockchain in modern research A study on the implications of genomics in modern research A study on the implications of quantum computing in modern research A study on the implications of AI ethics in modern research,A study on the implications of AI ethics in modern research A study on the implications of climate change in modern research A study on the implications of climate change in modern research A study on the implications of genomics in modern research A study on the implications of machine learning in modern research,96,6,13,3887,14.5,0.58,0.61
A study on the implications of machine learning in modern research,A study on the implications of blockchain in modern research A study on the implications of genomics in modern research A study on the implications of climate change in modern research A study on the implications of blockchain in modern research A study on the implications of machine learning in modern research,A study on the implications of AI ethics in modern research A study on the implications of climate change in modern research A study on the implications of machine learning in modern research A study on the implications of AI ethics in modern research A study on the implications of machine learning in modern research,27,1,15,4105,17.6,1.0,0.67
A study on the implications of robotics in modern research,A study on the implications of machine learning in modern research A study on the implications of robotics in modern research A study on the implications of quantum computing in modern research A study on the implications of quantum computing in modern research A study on the implications of machine learning in modern research,A study on the implications of robotics in modern research A study on the implications of quantum computing in modern research A study on the implications of climate change in modern research A study on the implications of robotics in modern research A study on the implications of quantum computing in modern research,43,9,1,3248,20.5,0.93,0.89
A study on the implications of blockchain in modern research,A study on the implications of climate change in modern research A study on the implications of machine learning in modern research A study on the implications of climate change in modern research A study on the implications of genomics in modern research A study on the implications of machine learning in modern research,A study on the implications of blockchain in modern research A study on the implications of quantum computing in modern research A study on the implications of climate change in modern research A study on the implications of quantum computing in modern research A study on the implications of robotics in modern research,60,4,7,3761,24.4,0.75,0.92
A study on the implications of quantum computing in modern research,A study on the implications of climate change in modern research A study on the implications of machine learning in modern research A study on the implications of robotics in modern research A study on the implications of robotics in modern research A study on the implications of genomics in modern research,A study on the implications of genomics in modern research A study on the implications of quantum computing in modern research A study on the implications of robotics in modern research A study on the implications of quantum computing in modern research A study on the implications of genomics in modern research,43,8,0,5488,16.7,0.85,0.98
A study on the implications of AI ethics in modern research,A study on the implications of AI ethics in modern research A study on the implications of robotics in modern research A study on the implications of machine learning in modern research A study on the implications of robotics in modern research A study on the implications of blockchain in modern research,A study on the implications of quantum computing in modern research A study on the implications of genomics in modern research A study on the implications of blockchain in modern research A study on the implications of quantum computing in modern research A study on the implications of robotics in modern research,66,4,14,2606,23.7,0.63,0.69
A study on the implications of robotics in modern research,A study on the implications of blockchain in modern research A study on the implications of AI ethics in modern research A study on the implications of machine learning in modern research A study on the implications of robotics in modern research A study on the implications of machine learning in modern research,A study on the implications of genomics in modern research A study on the implications of quantum computing in modern research A study on the implications of climate change in modern research A study on the implications of AI ethics in modern research A study on the implications of blockchain in modern research,8,10,5,2815,20.0,0.77,0.71
A study on the implications of quantum computing in modern research,A study on the implications of AI ethics in modern research A study on the implications of robotics in modern research A study on the implications of genomics in modern research A study on the implications of robotics in modern research A study on the implications of machine learning in modern research,A study on the implications of AI ethics in modern research A study on the implications of blockchain in modern research A study on the implications of robotics in modern research A study on the implications of climate change in modern research A study on the implications of machine learning in modern research,42,10,2,2804,23.6,0.59,0.83
A study on the implications of AI ethics in modern research,A study on the implications of robotics in modern research A study on the implications of machine learning in modern research A study on the implications of machine learning in modern research A study on the implications of climate change in modern research A study on the implications of climate change in modern research,A study on the implications of genomics in modern research A study on the implications of machine learning in modern research A study on the implications of AI ethics in modern research A study on the implications of climate change in modern research A study on the implications of machine learning in modern research,60,3,4,4387,16.4,0.63,0.99
A study on the implications of AI ethics in modern research,A study on the implications of robotics in modern research A study on the implications of robotics in modern research A study on the implications of blockchain in modern research A study on the implications of blockchain in modern research A study on the implications of quantum computing in modern research,A study on the implications of quantum computing in modern research A study on the implications of machine learning in modern research A study on the implications of machine learning in modern research A study on the implications of quantum computing in modern research A study on the implications of AI ethics in modern research,72,6,5,5197,19.3,0.83,0.75
A study on the implications of climate change in modern research,A study on the implications of robotics in modern research A study on the implications of robotics in modern research A study on the implications of blockchain in modern research A study on the implications of blockchain in modern research A study on the implications of blockchain in modern research,A study on the implications of machine learning in modern research A study on the implications of genomics in modern research A study on the implications of genomics in modern research A study on the implications of AI ethics in modern research A study on the implications of robotics in modern research,44,10,1,5710,21.9,0.6,0.78
A study on the implications of robotics in modern research,A study on the implications of quantum computing in modern research A study on the implications of genomics in modern research A study on the implications of machine learning in modern research A study on the implications of robotics in modern research A study on the implications of machine learning in modern research,A study on the implications of robotics in modern research A study on the implications of climate change in modern research A study on the implications of genomics in modern research A study on the implications of robotics in modern research A study on the implications of machine learning in modern research,33,0,11,3348,23.3,0.54,0.73
A study on the implications of genomics in modern research,A study on the implications of machine learning in modern research A study on the implications of genomics in modern research A study on the implications of quantum computing in modern research A study on the implications of climate change in modern research A study on the implications of AI ethics in modern research,A study on the implications of blockchain in modern research A study on the implications of machine learning in modern research A study on the implications of genomics in modern research A study on the implications of blockchain in modern research A study on the implications of AI ethics in modern research,85,10,14,4507,22.4,0.78,0.68
A study on the implications of blockchain in modern research,A study on the implications of genomics in modern research A study on the implications of blockchain in modern research A study on the implications of blockchain in modern research A study on the implications of AI ethics in modern research A study on the implications of machine learning in modern research,A study on the implications of robotics in modern research A study on the implications of AI ethics in modern research A study on the implications of climate change in modern research A study on the implications of AI ethics in modern research A study on the implications of genomics in modern research,7,1,1,5518,19.1,0.89,0.73
A study on the implications of machine learning in modern research,A study on the implications of AI ethics in modern research A study on the implications of AI ethics in modern research A study on the implications of machine learning in modern research A study on the implications of climate change in modern research A study on the implications of quantum computing in modern research,A study on the implications of blockchain in modern research A study on the implications of machine learning in modern research A study on the implications of genomics in modern research A study on the implications of blockchain in modern research A study on the implications of quantum computing in modern research,42,5,8,4088,14.1,0.71,0.91
A study on the implications of robotics in modern research,A study on the implications of blockchain in modern research A study on the implications of blockchain in modern research A study on the implications of quantum computing in modern research A study on the implications of genomics in modern research A study on the implications of climate change in modern research,A study on the implications of AI ethics in modern research A study on the implications of machine learning in modern research A study on the implications of genomics in modern research A study on the implications of robotics in modern research A study on the implications of genomics in modern research,12,3,6,3973,12.8,0.99,0.55
A study on the implications of AI ethics in modern research,A study on the implications of robotics in modern research A study on the implications of climate change in modern research A study on the implications of AI ethics in modern research A study on the implications of climate change in modern research A study on the implications of quantum computing in modern research,A study on the implications of quantum computing in modern research A study on the implications of quantum computing in modern research A study on the implications of blockchain in modern research A study on the implications of quantum computing in modern research A study on the implications of climate change in modern research,71,1,6,5052,24.8,0.77,0.54
A study on the implications of robotics in modern research,A study on the implications of machine learning in modern research A study on the implications of machine learning in modern research A study on the implications of climate change in modern research A study on the implications of genomics in modern research A study on the implications of blockchain in modern research,A study on the implications of blockchain in modern research A study on the implications of machine learning in modern research A study on the implications of robotics in modern research A study on the implications of machine learning in modern research A study on the implications of robotics in modern research,51,3,9,2701,23.8,0.9,0.76
A study on the implications of quantum computing in modern research,A study on the implications of robotics in modern research A study on the implications of climate change in modern research A study on the implications of genomics in modern research A study on the implications of quantum computing in modern research A study on the implications of genomics in modern research,A study on the implications of machine learning in modern research A study on the implications of robotics in modern research A study on the implications of machine learning in modern research A study on the implications of blockchain in modern research A study on the implications of genomics in modern research,32,8,2,5205,24.2,0.5,0.57
A study on the implications of AI ethics in modern research,A study on the implications of blockchain in modern research A study on the implications of genomics in modern research A study on the implications of climate change in modern research A study on the implications of climate change in modern research A study on the implications of quantum computing in modern research,A study on the implications of quantum computing in modern research A study on the implications of AI ethics in modern research A study on the implications of robotics in modern research A study on the implications of quantum computing in modern research A study on the implications of quantum computing in modern research,75,7,7,5781,18.9,0.85,0.57
A study on the implications of machine learning in modern research,A study on the implications of genomics in modern research A study on the implications of climate change in modern research A study on the implications of AI ethics in modern research A study on the implications of machine learning in modern research A study on the implications of climate change in modern research,A study on the implications of machine learning in modern research A study on the implications of machine learning in modern research A study on the implications of genomics in modern research A study on the implications of blockchain in modern research A study on the implications of machine learning in modern research,88,7,10,2693,24.3,0.82,0.78
A study on the implications of climate change in modern research,A study on the implications of machine learning in modern research A study on the implications of genomics in modern research A study on the implications of machine learning in modern research A study on the implications of quantum computing in modern research A study on the implications of blockchain in modern research,A study on the implications of genomics in modern research A study on the implications of AI ethics in modern research A study on the implications of robotics in modern research A study on the implications of quantum computing in modern research A study on the implications of climate change in modern research,63,6,4,4554,12.7,0.96,0.89
A study on the implications of robotics in modern research,A study on the implications of blockchain in modern research A study on the implications of quantum computing in modern research A study on the implications of quantum computing in modern research A study on the implications of blockchain in modern research A study on the implications of AI ethics in modern research,A study on the implications of AI ethics in modern research A study on the implications of blockchain in modern research A study on the implications of machine learning in modern research A study on the implications of climate change in modern research A study on the implications of genomics in modern research,59,4,14,5572,14.0,0.77,0.61
A study on the implications of genomics in modern research,A study on the implications of blockchain in modern research A study on the implications of quantum computing in modern research A study on the implications of machine learning in modern research A study on the implications of blockchain in modern research A study on the implications of genomics in modern research,A study on the implications of genomics in modern research A study on the implications of robotics in modern research A study on the implications of climate change in modern research A study on the implications of quantum computing in modern research A study on the implications of machine learning in modern research,68,1,1,5845,16.0,0.92,0.55
A study on the implications of quantum computing in modern research,A study on the implications of robotics in modern research A study on the implications of genomics in modern research A study on the implications of climate change in modern research A study on the implications of quantum computing in modern research A study on the implications of quantum computing in modern research,A study on the implications of blockchain in modern research A study on the implications of climate change in modern research A study on the implications of climate change in modern research A study on the implications of blockchain in modern research A study on the implications of AI ethics in modern research,12,2,5,4879,22.7,0.78,0.55
A study on the implications of genomics in modern research,A study on the implications of AI ethics in modern research A study on the implications of AI ethics in modern research A study on the implications of climate change in modern research A study on the implications of quantum computing in modern research A study on the implications of genomics in modern research,A study on the implications of AI ethics in modern research A study on the implications of machine learning in modern research A study on the implications of blockchain in modern research A study on the implications of robotics in modern research A study on the implications of machine learning in modern research,20,6,14,4201,18.0,0.88,0.55
A study on the implications of blockchain in modern research,A study on the implications of climate change in modern research A study on the implications of climate change in modern research A study on the implications of AI ethics in modern research A study on the implications of robotics in modern research A study on the implications of AI ethics in modern research,A study on the implications of blockchain in modern research A study on the implications of blockchain in modern research A study on the implications of climate change in modern research A study on the implications of blockchain in modern research A study on the implications of climate change in modern research,62,2,0,4859,22.1,0.86,0.89
A study on the implications of quantum computing in modern research,A study on the implications of quantum computing in modern research A study on the implications of climate change in modern research A study on the implications of genomics in modern research A study on the implications of quantum computing in modern research A study on the implications of machine learning in modern research,A study on the implications of AI ethics in modern research A study on the implications of quantum computing in modern research A study on the implications of blockchain in modern research A study on the implications of genomics in modern research A study on the implications of quantum computing in modern research,79,3,9,4046,18.1,0.9,0.86
A study on the implications of robotics in modern research,A study on the implications of quantum computing in modern research A study on the implications of blockchain in modern research A study on the implications of genomics in modern research A study on the implications of blockchain in modern research A study on the implications of robotics in modern research,A study on the implications of AI ethics in modern research A study on the implications of AI ethics in modern research A study on the implications of robotics in modern research A study on the implications of AI ethics in modern research A study on the implications of genomics in modern research,55,7,1,2740,22.5,0.97,0.59
A study on the implications of blockchain in modern research,A study on the implications of robotics in modern research A study on the implications of climate change in modern research A study on the implications of climate change in modern research A study on the implications of climate change in modern research A study on the implications of quantum computing in modern research,A study on the implications of blockchain in modern research A study on the implications of robotics in modern research A study on the implications of robotics in modern research A study on the implications of AI ethics in modern research A study on the implications of genomics in modern research,43,8,12,4183,20.4,0.63,0.57
A study on the implications of robotics in modern research,A study on the implications of genomics in modern research A study on the implications of genomics in modern research A study on the implications of blockchain in modern research A study on the implications of climate change in modern research A study on the implications of genomics in modern research,A study on the implications of AI ethics in modern research A study on the implications of genomics in modern research A study on the implications of robotics in modern research A study on the implications of genomics in modern research A study on the implications of machine learning in modern research,99,6,6,3060,19.3,0.96,0.6
A study on the implications of AI ethics in modern research,A study on the implications of climate change in modern research A study on the implications of climate change in modern research A study on the implications of robotics in modern research A study on the implications of blockchain in modern research A study on the implications of genomics in modern research,A study on the implications of climate change in modern research A study on the implications of AI ethics in modern research A study on the implications of machine learning in modern research A study on the implications of AI ethics in modern research A study on the implications of robotics in modern research,76,6,8,3483,16.7,0.74,0.72
A study on the implications of machine learning in modern research,A study on the implications of machine learning in modern research A study on the implications of AI ethics in modern research A study on the implications of machine learning in modern research A study on the implications of machine learning in modern research A study on the implications of genomics in modern research,A study on the implications of genomics in modern research A study on the implications of blockchain in modern research A study on the implications of machine learning in modern research A study on the implications of machine learning in modern research A study on the implications of blockchain in modern research,8,6,14,3057,20.1,0.95,0.9
A study on the implications of machine learning in modern research,A study on the implications of quantum computing in modern research A study on the implications of robotics in modern research A study on the implications of blockchain in modern research A study on the implications of machine learning in modern research A study on the implications of climate change in modern research,A study on the implications of machine learning in modern research A study on the implications of climate change in modern research A study on the implications of blockchain in modern research A study on the implications of AI ethics in modern research A study on the implications of blockchain in modern research,26,9,4,3671,18.0,0.91,0.65
A study on the implications of robotics in modern research,A study on the implications of robotics in modern research A study on the implications of machine learning in modern research A study on the implications of climate change in modern research A study on the implications of genomics in modern research A study on the implications of robotics in modern research,A study on the implications of climate change in modern research A study on the implications of quantum computing in modern research A study on the implications of machine learning in modern research A study on the implications of blockchain in modern research A study on the implications of AI ethics in modern research,100,2,14,5098,23.3,0.82,0.61
A study on the implications of robotics in modern research,A study on the implications of climate change in modern research A study on the implications of genomics in modern research A study on the implications of machine learning in modern research A study on the implications of climate change in modern research A study on the implications of robotics in modern research,A study on the implications of genomics in modern research A study on the implications of quantum computing in modern research A study on the implications of genomics in modern research A study on the implications of robotics in modern research A study on the implications of AI ethics in modern research,22,1,4,4635,24.1,0.81,0.85
A study on the implications of machine learning in modern research,A study on the implications of machine learning in modern research A study on the implications of blockchain in modern research A study on the implications of climate change in modern research A study on the implications of robotics in modern research A study on the implications of robotics in modern research,A study on the implications of genomics in modern research A study on the implications of robotics in modern research A study on the implications of quantum computing in modern research A study on the implications of genomics in modern research A study on the implications of AI ethics in modern research,88,9,14,5759,19.3,0.93,0.67
A study on the implications of climate change in modern research,A study on the implications of robotics in modern research A study on the implications of robotics in modern research A study on the implications of genomics in modern research A study on the implications of climate change in modern research A study on the implications of quantum computing in modern research,A study on the implications of climate change in modern research A study on the implications of blockchain in modern research A study on the implications of climate change in modern research A study on the implications of AI ethics in modern research A study on the implications of robotics in modern research,59,9,6,4552,19.8,0.92,0.75
A study on the implications of blockchain in modern research,A study on the implications of quantum computing in modern research A study on the implications of climate change in modern research A study on the implications of machine learning in modern research A study on the implications of quantum computing in modern research A study on the implications of robotics in modern research,A study on the implications of robotics in modern research A study on the implications of blockchain in modern research A study on the implications of AI ethics in modern research A study on the implications of genomics in modern research A study on the implications of climate change in modern research,18,2,1,2619,20.5,0.77,0.93
A study on the implications of machine learning in modern research,A study on the implications of machine learning in modern research A study on the implications of blockchain in modern research A study on the implications of climate change in modern research A study on the implications of AI ethics in modern research A study on the implications of climate change in modern research,A study on the implications of robotics in modern research A study on the implications of genomics in modern research A study on the implications of blockchain in modern research A study on the implications of blockchain in modern research A study on the implications of machine learning in modern research,41,5,14,5026,23.5,0.57,0.71
A study on the implications of blockchain in modern research,A study on the implications of robotics in modern research A study on the implications of AI ethics in modern research A study on the implications of climate change in modern research A study on the implications of machine learning in modern research A study on the implications of genomics in modern research,A study on the implications of genomics in modern research A study on the implications of AI ethics in modern research A study on the implications of machine learning in modern research A study on the implications of robotics in modern research A study on the implications of climate change in modern research,94,10,2,4301,16.8,0.91,0.89
A study on the implications of genomics in modern research,A study on the implications of AI ethics in modern research A study on the implications of climate change in modern research A study on the implications of genomics in modern research A study on the implications of robotics in modern research A study on the implications of blockchain in modern research,A study on the implications of genomics in modern research A study on the implications of blockchain in modern research A study on the implications of robotics in modern research A study on the implications of robotics in modern research A study on the implications of AI ethics in modern research,22,6,12,3887,19.9,0.56,0.96
A study on the implications of AI ethics in modern research,A study on the implications of AI ethics in modern research A study on the implications of machine learning in modern research A study on the implications of AI ethics in modern research A study on the implications of climate change in modern research A study on the implications of AI ethics in modern research,A study on the implications of genomics in modern research A study on the implications of AI ethics in modern research A study on the implications of quantum computing in modern research A study on the implications of quantum computing in modern research A study on the implications of AI ethics in modern research,64,8,9,4089,15.5,0.95,0.78
A study on the implications of robotics in modern research,A study on the implications of climate change in modern research A study on the implications of blockchain in modern research A study on the implications of genomics in modern research A study on the implications of machine learning in modern research A study on the implications of climate change in modern research,A study on the implications of quantum computing in modern research A study on the implications of genomics in modern research A study on the implications of blockchain in modern research A study on the implications of AI ethics in modern research A study on the implications of climate change in modern research,32,1,5,3090,20.6,0.82,0.72
A study on the implications of robotics in modern research,A study on the implications of blockchain in modern research A study on the implications of machine learning in modern research A study on the implications of robotics in modern research A study on the implications of blockchain in modern research A study on the implications of blockchain in modern research,A study on the implications of genomics in modern research A study on the implications of genomics in modern research A study on the implications of quantum computing in modern research A study on the implications of AI ethics in modern research A study on the implications of robotics in modern research,15,9,2,4587,14.1,0.56,0.81
A study on the implications of robotics in modern research,A study on the implications of genomics in modern research A study on the implications of climate change in modern research A study on the implications of AI ethics in modern research A study on the implications of AI ethics in modern research A study on the implications of climate change in modern research,A study on the implications of genomics in modern research A study on the implications of climate change in modern research A study on the implications of genomics in modern research A study on the implications of machine learning in modern research A study on the implications of blockchain in modern research,38,1,10,3364,23.0,0.88,0.52
A study on the implications of blockchain in modern research,A study on the implications of machine learning in modern research A study on the implications of blockchain in modern research A study on the implications of blockchain in modern research A study on the implications of quantum computing in modern research A study on the implications of climate change in modern research,A study on the implications of machine learning in modern research A study on the implications of climate change in modern research A study on the implications of genomics in modern research A study on the implications of quantum computing in modern research A study on the implications of quantum computing in modern research,90,2,11,5986,23.8,0.71,0.67
A study on the implications of machine learning in modern research,A study on the implications of genomics in modern research A study on the implications of machine learning in modern research A study on the implications of machine learning in modern research A study on the implications of quantum computing in modern research A study on the implications of genomics in modern research,A study on the implications of quantum computing in modern research A study on the implications of genomics in modern research A study on the implications of machine learning in modern research A study on the implications of AI ethics in modern research A study on the implications of machine learning in modern research,21,1,2,3069,15.5,0.5,0.75
A study on the implications of genomics in modern research,A study on the implications of AI ethics in modern research A study on the implications of quantum computing in modern research A study on the implications of AI ethics in modern research A study on the implications of AI ethics in modern research A study on the implications of climate change in modern research,A study on the implications of climate change in modern research A study on the implications of AI ethics in modern research A study on the implications of machine learning in modern research A study on the implications of robotics in modern research A study on the implications of climate change in modern research,87,9,0,4202,13.1,0.76,0.51
A study on the implications of genomics in modern research,A study on the implications of machine learning in modern research A study on the implications of AI ethics in modern research A study on the implications of blockchain in modern research A study on the implications of AI ethics in modern research A study on the implications of climate change in modern research,A study on the implications of AI ethics in modern research A study on the implications of quantum computing in modern research A study on the implications of genomics in modern research A study on the implications of quantum computing in modern research A study on the implications of robotics in modern research,8,1,5,4478,22.8,0.52,0.76
A study on the implications of quantum computing in modern research,A study on the implications of machine learning in modern research A study on the implications of machine learning in modern research A study on the implications of blockchain in modern research A study on the implications of climate change in modern research A study on the implications of blockchain in modern research,A study on the implications of quantum computing in modern research A study on the implications of machine learning in modern research A study on the implications of blockchain in modern research A study on the implications of genomics in modern research A study on the implications of climate change in modern research,48,4,14,5884,14.1,0.71,0.98
A study on the implications of blockchain in modern research,A study on the implications of quantum computing in modern research A study on the implications of genomics in modern research A study on the implications of AI ethics in modern research A study on the implications of AI ethics in modern research A study on the implications of blockchain in modern research,A study on the implications of quantum computing in modern research A study on the implications of climate change in modern research A study on the implications of machine learning in modern research A study on the implications of genomics in modern research A study on the implications of climate change in modern research,25,7,2,5640,20.3,0.65,0.83
A study on the implications of blockchain in modern research,A study on the implications of machine learning in modern research A study on the implications of climate change in modern research A study on the implications of climate change in modern research A study on the implications of blockchain in modern research A study on the implications of blockchain in modern research,A study on the implications of climate change in modern research A study on the implications of machine learning in modern research A study on the implications of climate change in modern research A study on the implications of quantum computing in modern research A study on the implications of AI ethics in modern research,45,8,4,2943,13.2,0.7,0.55
A study on the implications of quantum computing in modern research,A study on the implications of AI ethics in modern research A study on the implications of blockchain in modern research A study on the implications of climate change in modern research A study on the implications of blockchain in modern research A study on the implications of AI ethics in modern research,A study on the implications of climate change in modern research A study on the implications of machine learning in modern research A study on the implications of robotics in modern research A study on the implications of quantum computing in modern research A study on the implications of blockchain in modern research,100,6,8,3611,19.1,0.85,0.82
A study on the implications of climate change in modern research,A study on the implications of blockchain in modern research A study on the implications of quantum computing in modern research A study on the implications of machine learning in modern research A study on the implications of quantum computing in modern research A study on the implications of genomics in modern research,A study on the implications of quantum computing in modern research A study on the implications of climate change in modern research A study on the implications of robotics in modern research A study on the implications of blockchain in modern research A study on the implications of genomics in modern research,71,3,2,4826,16.3,0.64,0.83
A study on the implications of machine learning in modern research,A study on the implications of climate change in modern research A study on the implications of climate change in modern research A study on the implications of robotics in modern research A study on the implications of genomics in modern research A study on the implications of robotics in modern research,A study on the implications of AI ethics in modern research A study on the implications of quantum computing in modern research A study on the implications of machine learning in modern research A study on the implications of blockchain in modern research A study on the implications of machine learning in modern research,57,2,7,2523,23.5,0.97,0.67
A study on the implications of quantum computing in modern research,A study on the implications of quantum computing in modern research A study on the implications of AI ethics in modern research A study on the implications of AI ethics in modern research A study on the implications of AI ethics in modern research A study on the implications of machine learning in modern research,A study on the implications of blockchain in modern research A study on the implications of machine learning in modern research A study on the implications of genomics in modern research A study on the implications of quantum computing in modern research A study on the implications of robotics in modern research,33,9,10,5287,16.4,0.99,0.6
A study on the implications of climate change in modern research,A study on the implications of climate change in modern research A study on the implications of AI ethics in modern research A study on the implications of genomics in modern research A study on the implications of genomics in modern research A study on the implications of climate change in modern research,A study on the implications of blockchain in modern research A study on the implications of climate change in modern research A study on the implications of robotics in modern research A study on the implications of quantum computing in modern research A study on the implications of machine learning in modern research,11,4,10,5922,20.4,0.9,0.77
A study on the implications of quantum computing in modern research,A study on the implications of robotics in modern research A study on the implications of machine learning in modern research A study on the implications of machine learning in modern research A study on the implications of machine learning in modern research A study on the implications of quantum computing in modern research,A study on the implications of machine learning in modern research A study on the implications of quantum computing in modern research A study on the implications of genomics in modern research A study on the implications of blockchain in modern research A study on the implications of quantum computing in modern research,91,10,14,2586,15.2,0.85,0.73
A study on the implications of blockchain in modern research,A study on the implications of blockchain in modern research A study on the implications of machine learning in modern research A study on the implications of robotics in modern research A study on the implications of machine learning in modern research A study on the implications of genomics in modern research,A study on the implications of quantum computing in modern research A study on the implications of blockchain in modern research A study on the implications of robotics in modern research A study on the implications of genomics in modern research A study on the implications of robotics in modern research,42,3,7,5900,22.9,0.69,0.53
A study on the implications of AI ethics in modern research,A study on the implications of AI ethics in modern research A study on the implications of climate change in modern research A study on the implications of AI ethics in modern research A study on the implications of robotics in modern research A study on the implications of machine learning in modern research,A study on the implications of robotics in modern research A study on the implications of machine learning in modern research A study on the implications of AI ethics in modern research A study on the implications of machine learning in modern research A study on the implications of genomics in modern research,54,1,5,5048,15.5,0.57,0.72
A study on the implications of blockchain in modern research,A study on the implications of blockchain in modern research A study on the implications of robotics in modern research A study on the implications of AI ethics in modern research A study on the implications of AI ethics in modern research A study on the implications of climate change in modern research,A study on the implications of blockchain in modern research A study on the implications of blockchain in modern research A study on the implications of climate change in modern research A study on the implications of AI ethics in modern research A study on the implications of blockchain in modern research,76,10,5,4014,15.9,0.79,0.51
A study on the implications of climate change in modern research,A study on the implications of robotics in modern research A study on the implications of machine learning in modern research A study on the implications of robotics in modern research A study on the implications of robotics in modern research A study on the implications of blockchain in modern research,A study on the implications of climate change in modern research A study on the implications of blockchain in modern research A study on the implications of genomics in modern research A study on the implications of climate change in modern research A study on the implications of blockchain in modern research,39,6,8,4232,24.0,0.81,0.97
A study on the implications of climate change in modern research,A study on the implications of genomics in modern research A study on the implications of genomics in modern research A study on the implications of genomics in modern research A study on the implications of AI ethics in modern research A study on the implications of machine learning in modern research,A study on the implications of genomics in modern research A study on the implications of machine learning in modern research A study on the implications of genomics in modern research A study on the implications of genomics in modern research A study on the implications of quantum computing in modern research,61,0,0,5297,21.1,0.99,0.93
A study on the implications of AI ethics in modern research,A study on the implications of robotics in modern research A study on the implications of AI ethics in modern research A study on the implications of climate change in modern research A study on the implications of quantum computing in modern research A study on the implications of climate change in modern research,A study on the implications of quantum computing in modern research A study on the implications of AI ethics in modern research A study on the implications of machine learning in modern research A study on the implications of machine learning in modern research A study on the implications of quantum computing in modern research,87,7,5,5725,20.8,0.86,0.55
A study on the implications of quantum computing in modern research,A study on the implications of quantum computing in modern research A study on the implications of genomics in modern research A study on the implications of quantum computing in modern research A study on the implications of AI ethics in modern research A study on the implications of genomics in modern research,A study on the implications of climate change in modern research A study on the implications of genomics in modern research A study on the implications of machine learning in modern research A study on the implications of blockchain in modern research A study on the implications of machine learning in modern research,25,4,2,3249,24.0,0.89,0.55
A study on the implications of machine learning in modern research,A study on the implications of genomics in modern research A study on the implications of AI ethics in modern research A study on the implications of robotics in modern research A study on the implications of climate change in modern research A study on the implications of robotics in modern research,A study on the implications of climate change in modern research A study on the implications of quantum computing in modern research A study on the implications of climate change in modern research A study on the implications of AI ethics in modern research A study on the implications of machine learning in modern research,61,5,7,5657,18.8,0.87,0.62
A study on the implications of climate change in modern research,A study on the implications of machine learning in modern research A study on the implications of blockchain in modern research A study on the implications of quantum computing in modern research A study on the implications of machine learning in modern research A study on the implications of AI ethics in modern research,A study on the implications of genomics in modern research A study on the implications of quantum computing in modern research A study on the implications of blockchain in modern research A study on the implications of climate change in modern research A study on the implications of climate change in modern research,76,3,15,2628,13.9,0.9,0.51
A study on the implications of quantum computing in modern research,A study on the implications of blockchain in modern research A study on the implications of robotics in modern research A study on the implications of quantum computing in modern research A study on the implications of genomics in modern research A study on the implications of robotics in modern research,A study on the implications of machine learning in modern research A study on the implications of quantum computing in modern research A study on the implications of AI ethics in modern research A study on the implications of machine learning in modern research A study on the implications of AI ethics in modern research,88,5,15,3119,20.7,0.61,0.71
A study on the implications of machine learning in modern research,A study on the implications of robotics in modern research A study on the implications of quantum computing in modern research A study on the implications of quantum computing in modern research A study on the implications of climate change in modern research A study on the implications of machine learning in modern research,A study on the implications of blockchain in modern research A study on the implications of AI ethics in modern research A study on the implications of blockchain in modern research A study on the implications of AI ethics in modern research A study on the implications of climate change in modern research,10,1,6,4087,23.7,0.6,0.84
A study on the implications of blockchain in modern research,A study on the implications of quantum computing in modern research A study on the implications of machine learning in modern research A study on the implications of machine learning in modern research A study on the implications of machine learning in modern research A study on the implications of quantum computing in modern research,A study on the implications of AI ethics in modern research A study on the implications of climate change in modern research A study on the implications of climate change in modern research A study on the implications of climate change in modern research A study on the implications of climate change in modern research,57,6,11,5018,22.4,0.78,0.99
A study on the implications of climate change in modern research,A study on the implications of genomics in modern research A study on the implications of quantum computing in modern research A study on the implications of blockchain in modern research A study on the implications of genomics in modern research A study on the implications of robotics in modern research,A study on the implications of blockchain in modern research A study on the implications of quantum computing in modern research A study on the implications of robotics in modern research A study on the implications of blockchain in modern research A study on the implications of blockchain in modern research,80,5,11,3613,19.0,0.74,0.6
A study on the implications of AI ethics in modern research,A study on the implications of AI ethics in modern research A study on the implications of AI ethics in modern research A study on the implications of climate change in modern research A study on the implications of robotics in modern research A study on the implications of quantum computing in modern research,A study on the implications of quantum computing in modern research A study on the implications of AI ethics in modern research A study on the implications of climate change in modern research A study on the implications of robotics in modern research A study on the implications of robotics in modern research,68,1,7,5442,24.8,0.63,0.75
A study on the implications of machine learning in modern research,A study on the implications of genomics in modern research A study on the implications of AI ethics in modern research A study on the implications of quantum computing in modern research A study on the implications of quantum computing in modern research A study on the implications of machine learning in modern research,A study on the implications of AI ethics in modern research A study on the implications of climate change in modern research A study on the implications of genomics in modern research A study on the implications of genomics in modern research A study on the implications of machine learning in modern research,36,9,0,3008,21.5,0.91,0.51
A study on the implications of robotics in modern research,A study on the implications of robotics in modern research A study on the implications of AI ethics in modern research A study on the implications of machine learning in modern research A study on the implications of AI ethics in modern research A study on the implications of genomics in modern research,A study on the implications of robotics in modern research A study on the implications of AI ethics in modern research A study on the implications of quantum computing in modern research A study on the implications of quantum computing in modern research A study on the implications of climate change in modern research,62,5,15,2534,21.1,0.86,0.79
A study on the implications of robotics in modern research,A study on the implications of AI ethics in modern research A study on the implications of genomics in modern research A study on the implications of machine learning in modern research A study on the implications of climate change in modern research A study on the implications of AI ethics in modern research,A study on the implications of machine learning in modern research A study on the implications of climate change in modern research A study on the implications of AI ethics in modern research A study on the implications of quantum computing in modern research A study on the implications of machine learning in modern research,71,0,10,4265,16.4,0.67,0.58
A study on the implications of robotics in modern research,A study on the implications of robotics in modern research A study on the implications of machine learning in modern research A study on the implications of quantum computing in modern research A study on the implications of machine learning in modern research A study on the implications of blockchain in modern research,A study on the implications of robotics in modern research A study on the implications of blockchain in modern research A study on the implications of climate change in modern research A study on the implications of machine learning in modern research A study on the implications of blockchain in modern research,95,0,3,4282,24.7,0.68,0.69
A study on the implications of quantum computing in modern research,A study on the implications of climate change in modern research A study on the implications of blockchain in modern research A study on the implications of quantum computing in modern research A study on the implications of machine learning in modern research A study on the implications of genomics in modern research,A study on the implications of robotics in modern research A study on the implications of climate change in modern research A study on the implications of genomics in modern research A study on the implications of AI ethics in modern research A study on the implications of robotics in modern research,73,0,9,4662,15.5,0.82,0.56
A study on the implications of machine learning in modern research,A study on the implications of climate change in modern research A study on the implications of AI ethics in modern research A study on the implications of blockchain in modern research A study on the implications of blockchain in modern research A study on the implications of blockchain in modern research,A study on the implications of AI ethics in modern research A study on the implications of quantum computing in modern research A study on the implications of quantum computing in modern research A study on the implications of AI ethics in modern research A study on the implications of AI ethics in modern research,96,3,8,5800,18.1,0.95,0.55
A study on the implications of blockchain in modern research,A study on the implications of quantum computing in modern research A study on the implications of climate change in modern research A study on the implications of blockchain in modern research A study on the implications of AI ethics in modern research A study on the implications of climate change in modern research,A study on the implications of genomics in modern research A study on the implications of genomics in modern research A study on the implications of robotics in modern research A study on the implications of machine learning in modern research A study on the implications of blockchain in modern research,59,6,13,2602,22.2,0.51,0.57
A study on the implications of genomics in modern research,A study on the implications of quantum computing in modern research A study on the implications of machine learning in modern research A study on the implications of climate change in modern research A study on the implications of blockchain in modern research A study on the implications of robotics in modern research,A study on the implications of climate change in modern research A study on the implications of quantum computing in modern research A study on the implications of climate change in modern research A study on the implications of quantum computing in modern research A study on the implications of blockchain in modern research,77,0,6,5805,12.8,0.59,0.5
A study on the implications of blockchain in modern research,A study on the implications of robotics in modern research A study on the implications of machine learning in modern research A study on the implications of robotics in modern research A study on the implications of genomics in modern research A study on the implications of robotics in modern research,A study on the implications of quantum computing in modern research A study on the implications of robotics in modern research A study on the implications of machine learning in modern research A study on the implications of blockchain in modern research A study on the implications of AI ethics in modern research,85,2,9,2835,13.2,0.52,0.65
A study on the implications of quantum computing in modern research,A study on the implications of climate change in modern research A study on the implications of climate change in modern research A study on the implications of machine learning in modern research A study on the implications of AI ethics in modern research A study on the implications of genomics in modern research,A study on the implications of genomics in modern research A study on the implications of climate change in modern research A study on the implications of genomics in modern research A study on the implications of AI ethics in modern research A study on the implications of machine learning in modern research,73,4,8,4947,23.2,0.83,0.93
A study on the implications of machine learning in modern research,A study on the implications of genomics in modern research A study on the implications of blockchain in modern research A study on the implications of machine learning in modern research A study on the implications of quantum computing in modern research A study on the implications of AI ethics in modern research,A study on the implications of robotics in modern research A study on the implications of blockchain in modern research A study on the implications of quantum computing in modern research A study on the implications of blockchain in modern research A study on the implications of quantum computing in modern research,93,7,0,4885,14.3,0.7,0.82
A study on the implications of blockchain in modern research,A study on the implications of genomics in modern research A study on the implications of climate change in modern research A study on the implications of climate change in modern research A study on the implications of genomics in modern research A study on the implications of quantum computing in modern research,A study on the implications of blockchain in modern research A study on the implications of quantum computing in modern research A study on the implications of robotics in modern research A study on the implications of blockchain in modern research A study on the implications of quantum computing in modern research,74,0,15,4385,20.9,0.83,0.75

